<?xml version="1.0" encoding="UTF-8"?>
<model package="seosuite" baseClass="xPDOObject" platform="mysql" defaultEngine="InnoDB" phpdoc-package="seosuite" version="0.2">
    <object class="SeoSuiteUrl" table="seosuite_urls" extends="xPDOSimpleObject">
        <field key="url" dbtype="varchar" precision="2000" phptype="string" null="false" default="" index="index" />
        <field key="solved" dbtype="tinyint" precision="1" attributes="unsigned" phptype="boolean" null="false" default="0" />
        <field key="redirect_to" dbtype="int" precision="10" phptype="integer" null="false"/>
        <field key="redirect_handler" dbtype="int" precision="2" phptype="integer" null="false"/>
        <field key="suggestions" dbtype="text" phptype="json" null="true" />
        <index alias="url" name="url" primary="false" unique="false" type="BTREE">
            <column key="url" length="767" collation="A" null="false" />
        </index>
    </object>
</model>